image_id,file_path,SMILES
2008224763_22_chem,real/JPO/2008224763_22_chem.png,CC1=CC=C(S(=O)(=O)NC2=CC=CC=C2)C=C1
2008266237_44_chem,real/JPO/2008266237_44_chem.png,O=C(CN1CCN(C2=C(F)C=CC=C2)CC1)NC1=CC=CC=C1SC1=CC=C(Cl)C=C1
2008115090_2_chem,real/JPO/2008115090_2_chem.png,C=CCSS(=O)(=O)O
2008101015_67_chem,real/JPO/2008101015_67_chem.png,O=C(/C=C/C1=CC=C(N2C=CN=C2)C=C1)NC1C2=C(C=CC=C2)C2=C1C=CC=C2
2008233378_113_chem,real/JPO/2008233378_113_chem.png,C=CC1=CC=C(N(C2=CC=CC=C2)C2=CC=C(C3=CC=CC=C3)C=C2)C=C1
2008007566_12_chem,real/JPO/2008007566_12_chem.png,C1=CC(C(C2=CC=C(OCC3CO3)C=C2)C(C2=CC=C(OCC3CO3)C=C2)C2=CC=C(OCC3CO3)C=C2)=CC=C1OCC1CO1
2008231047_15_chem,real/JPO/2008231047_15_chem.png,CC1(C)C2=C(C=CC=C2)/C2=C1/C=C(/Br)C1=C2C=CC=C1
2008044949_80_chem,real/JPO/2008044949_80_chem.png,O=C(O)C1=CC=C(CNC(=O)C2=CC(F)=CN=C2CC2=CC=C(F)C=C2)C=C1
2008094933_9_chem,real/JPO/2008094933_9_chem.png,O=[PH]1OC2=CC=CC=C2C2=CC=CC=C21
2008094741_21_chem,real/JPO/2008094741_21_chem.png,C=C(C)COC(=O)C1C2C=CC(C2C)C1C(=O)OCC(=C)C
2008201798_20_chem,real/JPO/2008201798_20_chem.png,O=C(NC1=CC=C(N2N=C(C3=CC=CN=C3)C=C2C(F)(F)F)C=C1)C1=C(NCCCCCO)N=CC=C1
2008115269_6_chem,real/JPO/2008115269_6_chem.png,CCCCCCC(C)(C)C(=O)OOC(C)(C)C
2008088245_2_chem,real/JPO/2008088245_2_chem.png,O=C1C=CC(=O)N1C1=CC=C(CC2=CC=C(N3C(=O)C=CC3=O)C=C2)C=C1
2008033140_62_chem,real/JPO/2008033140_62_chem.png,O=C(Cl)C1=CC=C(OC2=CC=C(C(=O)Cl)C=C2)C=C1
2008266331_28_chem,real/JPO/2008266331_28_chem.png,NCCNCCNCCNCCNCCN
2008310229_37_chem,real/JPO/2008310229_37_chem.png,COCOCCN(CCOCOC)CCOCOC
2008275949_47_chem,real/JPO/2008275949_47_chem.png,C=C(C)C(=O)OC(C)OCCOCC(F)(F)F
2008153105_4_chem,real/JPO/2008153105_4_chem.png,CC(C)(C)C1=CC=NC=C1
2008143913_63_chem,real/JPO/2008143913_63_chem.png,CC(C)(N)C1=CC=C(C2=CC=C3NN=CC3=C2C2=CC=NC=C2)C=C1
2008096968_55_chem,real/JPO/2008096968_55_chem.png,COC1=CC=C(N(C2=CC=CC=C2)C2=CC=C(/C=C\C3=CC=C(/C=C\C4=CC=C(N(C5=CC=CC=C5)C5=CC=C(OC)C=C5)C=C4)C=C3)C=C2)C=C1
2008208129_1088_chem,real/JPO/2008208129_1088_chem.png,O=C(O)CC1=CC(OCCC2(N3CCOCC3)CCN(C3=NC=C(C4=COC=C4)C=N3)CC2)=C(Cl)C=C1
2008088167_244_chem,real/JPO/2008088167_244_chem.png,C=C(C)C(=O)OCCOC(=O)C1=CC=C(C(=O)OCC(O)COC2=CC=C(CC3=CC=C(OCC4CO4)C=C3)C=C2)C=C1
2008291018_314_chem,real/JPO/2008291018_314_chem.png,COC1=CC=CC(C2OC(CCC3=NN=NN3)C3=CC=CN3C3=C2C=C(Cl)C=C3)=C1OC
2008106016_165_chem,real/JPO/2008106016_165_chem.png,C=CCN1C(=O)CC2(CC3C4=CC2C43)C1=O
2008094770_11_chem,real/JPO/2008094770_11_chem.png,C=CC(=O)OCCSC1=CC=C(C(=O)C2=CC=C3C(=C2)C2=C(/C=C\C(\C(C)=N\OC(=O)C(F)(F)F)=C/2)N3CC)C=C1
2008208129_1092_chem,real/JPO/2008208129_1092_chem.png,O=C(O)CC1=CC(OCCC2(N3CCOCC3)CCN(C3=NC4=CC=C(C(F)(F)F)C=C4S3)CC2)=CC=C1
2008056680_130_chem,real/JPO/2008056680_130_chem.png,CC(C)(C)OC(=O)NCC1=CC=CC(I)=C1
2008201714_32_chem,real/JPO/2008201714_32_chem.png,COCC1=CC=C(COC)C=C1
2008254447_5_chem,real/JPO/2008254447_5_chem.png,CC(C)(C1CCC(OCCO)CC1)C1CCC(OCCO)CC1
2008225458_12_chem,real/JPO/2008225458_12_chem.png,CN(CC1CO1)CC1CO1
2008189923_8_chem,real/JPO/2008189923_8_chem.png,CCC1=CC(C(C2=CC(CC)=C(N)C(CC)=C2)C2=C(Cl)C=CC=C2Cl)=CC(CC)=C1N
2008198989_81_chem,real/JPO/2008198989_81_chem.png,C=C(C)C(=O)OC1=CC=C(C2=CC=C(N(C3=CC=C(C4=CC=C(OC(=O)C(=C)C)C=C4)C=C3)C3=CC=C(C4=CC=C(OC(=O)C(=C)C)C=C4)C=C3)C=C2)C=C1
2008091762_13_chem,real/JPO/2008091762_13_chem.png,NC1=CC=CC(C2=NC3=C(C=C4OC(C5=CC=CC(N)=C5)=NC4=C3)O2)=C1
2008124295_4_chem,real/JPO/2008124295_4_chem.png,NC1=CC=CC(C2=NC3=CC(N)=CC=C3O2)=C1
2008101015_439_chem,real/JPO/2008101015_439_chem.png,COC1=C(N2C=NC(C)=C2)C=CC(/C=C2\CCCN(C(CO)C3=CC(F)=C(F)C(F)=C3)C2=O)=C1
2008120831_16_chem,real/JPO/2008120831_16_chem.png,C=CCN1C2=C(/N=C\1Cl)NC(=O)NC2=O
2008163035_4_chem,real/JPO/2008163035_4_chem.png,C=C1SCCCS1
2008088167_301_chem,real/JPO/2008088167_301_chem.png,C=CC(=O)OCC1CCOC(=O)CCC(=O)OCC(COCCOC(=O)C(=C)C)OC(=O)C2=CC=CC=C2C(=O)OCC(O)COC2=CC=C(C=C2)C1(C)C1=CC=C(OCC2CO2)C=C1
2008239873_27_chem,real/JPO/2008239873_27_chem.png,C=CC(=O)OCCCCCCOC1=CC=C(CCC(=O)OC2=CC=C(C3=CC=C(C4=CC=C(OC(=O)CCC5=CC=C(OCCCCCCOC(=O)C=C)C=C5)C=C4)C(F)=C3)C=C2)C=C1
2008120831_29_chem,real/JPO/2008120831_29_chem.png,O=C1NC(=O)N(CCC2CC2)C2=C1N/C(Cl)=N\2
2008115159_4_chem,real/JPO/2008115159_4_chem.png,COC1=C(C)\C(OC)=C2\OCO\C2=C\1
2008049482_3_chem,real/JPO/2008049482_3_chem.png,O=C(CSC1=CC=C(O)C=C1)NC1=C(O)C=CC=C1
2008163150_15_chem,real/JPO/2008163150_15_chem.png,C=CC1=CC=C(C2C(=O)OC23CCCC3)C=C1
2008044229_8_chem,real/JPO/2008044229_8_chem.png,NC1=CC=CC(C2=NC3=C/C=C(N)/C=C\3O2)=C1
2008138011_115_chem,real/JPO/2008138011_115_chem.png,CC(C)(C)OC(=O)N1CC2=C(C1)SC(Br)=N2
2008094836_62_chem,real/JPO/2008094836_62_chem.png,C=CC(C1=CC=CC=C1)C(C1=CC=C(OCCN2CCOCC2)C=C1)C1=CC=C(OCCN2CCOCC2)C=C1
2008075045_38_chem,real/JPO/2008075045_38_chem.png,C=COCC1CCC(CO)CC1
2008050365_252_chem,real/JPO/2008050365_252_chem.png,O=C(O)C1(C2=CC=C(OCCCN3CCCC3)C=C2)CCOCC1
2008189659_402_chem,real/JPO/2008189659_402_chem.png,CN(C)CCOC1=NC2=C(C=C1)/N=C(/N)S2
2008214349_48_chem,real/JPO/2008214349_48_chem.png,CC(C)C1=CC=C(C(=O)C2=CC(N(O)O)=CC=C2Cl)C=C1
2008088167_442_chem,real/JPO/2008088167_442_chem.png,C=CC(=O)OCCCOC(=O)C1=CC=C(C(=O)OCCOC(=O)C(=C)C)C=C1C(=O)OCC(O)COC1=CC=C(CC2=CC=C(OCC3CO3)C=C2)C=C1
2008206514_220_chem,real/JPO/2008206514_220_chem.png,COC1=CC=C(CC2=NC=CC3=C2S/C=C\3)C=C1
2008189923_7_chem,real/JPO/2008189923_7_chem.png,O=CC1=C(Cl)C=CC=C1Cl
2008179797_8_chem,real/JPO/2008179797_8_chem.png,CC(C)C1C(=O)N(CCC(=O)NN)C(=O)N1CCC(=O)NN
2008239607_49_chem,real/JPO/2008239607_49_chem.png,CC1=C(C)C(Br)=C(O)C(C(C)(C)C2=CC=CC=C2)=C1
2008120794_50_chem,real/JPO/2008120794_50_chem.png,CCC1=C(C2=NOC(C3=CC(Cl)=C(CC(C)C)C=C3)=N2)C=CC(CN2CC(C(=O)O)C2)=N1
2008195791_4_chem,real/JPO/2008195791_4_chem.png,CC1(C2CCC3OC3(C)C2)CO1
2008247887_306_chem,real/JPO/2008247887_306_chem.png,O=C1C2=C(C=CC=C2)N(C2=CC=C(C3=CC=C4C=C(/C=C/C5=CC=C6C=C(C7=CC=C(N8C9=C(C=CC=C9)C(=O)C9=C8C=CC=C9)C=C7)C=CC6=C5)C=CC4=C3)C=C2)C2=C1C=CC=C2
2008239558_46_chem,real/JPO/2008239558_46_chem.png,CC1=CC(=O)NN=C1C1=CC=C(O)C=C1
2008077078_53_chem,real/JPO/2008077078_53_chem.png,CCN(CC)C1=CC=C(/C=C2/O/C(=N/C3CCCCC3)N(C3CCCCC3)C2=O)C=C1
2008207401_7_chem,real/JPO/2008207401_7_chem.png,C=CN1CCCC1=O
2008214349_78_chem,real/JPO/2008214349_78_chem.png,COC1=CC=C(NC(C)C)C=C1
2008120750_4_chem,real/JPO/2008120750_4_chem.png,CC(C)CCC(C)C1CCC2C3C/C=C4/CC(OC(=O)C5=CC=C(O)C=C5)CCC4(C)C3CCC12C
2008239504_10_chem,real/JPO/2008239504_10_chem.png,CC/C=C\C/C=C\C/C=C\C/C=C\C/C=C\CCCC(=O)OC1CC2=C(O)C=C(O)C=C2OC1C1=CC(O)=C(O)C(O)=C1
2008231090_11_chem,real/JPO/2008231090_11_chem.png,CNC(=O)C1=CC(N2C(=O)C(Br)=C(OCC3=CC=C(F)C=C3F)C=C2C)=C(C)C=C1
2008001754_7_chem,real/JPO/2008001754_7_chem.png,O=C1C(=O)C(O)=C(O)C1=O
2008291018_1515_chem,real/JPO/2008291018_1515_chem.png,COC1=CC=C(CNC2=CC(C)=C(Cl)C=C2C(O)C2=C(OC)C(OC)=CC=C2)C(OC)=C1
2008019241_372_chem,real/JPO/2008019241_372_chem.png,N/C1=N/C2=C(N=C(O)C=C2)S1
2008179635_9_chem,real/JPO/2008179635_9_chem.png,CCOC(=O)CC1=CSC(C)=N1
2008195740_13_chem,real/JPO/2008195740_13_chem.png,COC1=CC=C(/C=C\C2=CC(OC)=C(OC)C(OC)=C2)C=C1OP(=O)(O)O
2008015393_17_chem,real/JPO/2008015393_17_chem.png,ClC(Cl)(Cl)C1=NC(C2=C\C=C3\OCO\C3=C\2)=NC(C(Cl)(Cl)Cl)=N1
2008255024_93_chem,real/JPO/2008255024_93_chem.png,CC(C)(C(=O)O)N1CC2=CC(C3=CC=C(NC4=NC5=C(/C=C\C=C/5)S4)C=C3)=CC=C2C1=O
2008063226_9_chem,real/JPO/2008063226_9_chem.png,CC1=CC=C(NC2=C3C(=O)C4=C(C=C(C(=O)O)C=C4)C(=O)C3=C(NC3=CC=C(C)C=C3)C=C2)C=C1
2008275779_18_chem,real/JPO/2008275779_18_chem.png,CC1=CC=C(N(C2=CC=C(C3=CC=C(N(C4=CC=C(C)C=C4C)C4=C/C5=C(C=CC=C5)/C=C\4)C=C3)C=C2)C2=CC3=C(C=CC=C3)C=C2)C(C)=C1
2008127345_39_chem,real/JPO/2008127345_39_chem.png,CCOC1=CC=C(C2=CC=CC=C2)C=C1
2008222713_15_chem,real/JPO/2008222713_15_chem.png,CONCCCCCCNOC
2008050567_7_chem,real/JPO/2008050567_7_chem.png,CC1CCC(C)CC1
2008007515_51_chem,real/JPO/2008007515_51_chem.png,CC1=CC(C)=C(N2C(C)=NC3=C(NC(=O)CCl)C=C(C)N=C32)C(C)=C1
2008094795_14_chem,real/JPO/2008094795_14_chem.png,CC(C)OC1=CC=CN2C1=NC(=O)C2(CC1=CC=CC=C1)CC1=CC=CC=C1
2008185936_6_chem,real/JPO/2008185936_6_chem.png,O=C1NN=CC1C1=CC=CC=C1
2008072905_2_chem,real/JPO/2008072905_2_chem.png,CC1=C(/C=C/C(C)=C/C=C/C(C)=C/C=C/C=C(C)/C=C/C=C(C)/C=C/C2=C(C)C(=O)C(O)CC2(C)C)C(C)(C)CC(O)C1=O
2008208129_822_chem,real/JPO/2008208129_822_chem.png,CC1=C2SC=C(CC(=O)O)C2=CC=C1SCCC1CCN(/C2=N/C3=C(C=C(Cl)C=C3)S2)CC1
2008208129_958_chem,real/JPO/2008208129_958_chem.png,O=C(O)CC1=CC(OCCC2(N3CCCCC3)CCN(/C3=N/C4=C(C=C(C(F)(F)F)C=C4)S3)CC2)=CC(Cl)=C1
2008190079_2_chem,real/JPO/2008190079_2_chem.png,CCCC(C)=O
2008101015_238_chem,real/JPO/2008101015_238_chem.png,COC1=C(N2C=NC(C)=C2)C=CC(/C=C2\CCCN(CC3=CC=C(C(C)(C)C)C=C3)C2=O)=C1
2008031042_19_chem,real/JPO/2008031042_19_chem.png,NC1=C2NC=C(Cl)C2=CC=C1
2008227202_10_chem,real/JPO/2008227202_10_chem.png,C=CC(O)CC(C=C)CC1OC1CC/C=C/CCC1OC1/C=C\O
2008106016_122_chem,real/JPO/2008106016_122_chem.png,C=CCN1C(=O)C2CC=CC(C)C2C1=O
2008038180_9_chem,real/JPO/2008038180_9_chem.png,C1=CC2=C(C/C3=C/C(OCC4CO4)=C\C4=C3C=CC(OCC3CO3)=C4)C=C(OCC3CO3)C=C2C=C1OCC1CO1
2008149586_10_chem,real/JPO/2008149586_10_chem.png,C=C(C)C(=O)OCCOC(=O)C(C)(C)Br
2008308434_17_chem,real/JPO/2008308434_17_chem.png,O=C(O)C1=CC(C2=NC(=O)C3=CC=CC=C3S2)=NC=C1
2008050544_6_chem,real/JPO/2008050544_6_chem.png,CC1=CC(C2CC(=O)OC2=O)CC2C(=O)OC(=O)C12
2008189871_18_chem,real/JPO/2008189871_18_chem.png,CC1=C2OC3=CC=C4C=CC=CC4=C3CC2=CC=C1
2008266337_8_chem,real/JPO/2008266337_8_chem.png,COC1=CC=CC=C1N1CCN(CCC(C)(C(=O)C2CCCCC2)C2=CC=CC=C2)CC1
2008273974_25_chem,real/JPO/2008273974_25_chem.png,CN(C)C1=CC=C(C(=CC=O)C2=CC=C(N(C)C)C=C2)C=C1
2008285789_6_chem,real/JPO/2008285789_6_chem.png,CC1=CC=C(OC2=CC=CC(C)=C2)C=C1
2008156297_37_chem,real/JPO/2008156297_37_chem.png,CCCCCCCC(O)CC(=O)CCC1=CC(OC)=C(O)C=C1
2008149586_28_chem,real/JPO/2008149586_28_chem.png,CCCCCCCCN1C2=CC=CC=C2S/C1=C1/SC(=S)N(CC)C1=O
2008130784_22_chem,real/JPO/2008130784_22_chem.png,O=C1OC(=O)C2=CC(S(=O)(=O)C3=C/C4=C(\C=C/3)C(=O)OC4=O)=CC=C12
2008247907_221_chem,real/JPO/2008247907_221_chem.png,OCCSCCN1/C=C\C2=C1C(NC1=CC(Cl)=C(OC3=CC=CC(C(F)(F)F)=C3)C=C1)=NC=N2
2008106070_19_chem,real/JPO/2008106070_19_chem.png,O=C1COCCN1CC1=CC=CC=C1
2008133264_121_chem,real/JPO/2008133264_121_chem.png,CC(C)(C)C1=CC=C(/C=C/C2=CC=C(N(C3=CC=C(/C=C/C4=CC=C(N(C5=CC=C(/C=C/C6=CC=C(C(C)(C)C)C=C6)C=C5)C5=CC=C(C6=CC=CC=C6)C=C5)C=C4)C=C3)C3=CC=C(C4=CC=CC=C4)C=C3)C=C2)C=C1
2008106268_17_chem,real/JPO/2008106268_17_chem.png,CCOC(=O)C1=CN=C(/N=N\C2=C(NS(=O)(=O)C(F)(F)F)C=C3C(=C2)CCCN3CC(C)C)N=C1C(F)(F)F
2008160118_4_chem,real/JPO/2008160118_4_chem.png,C1=CC(N2C3=C(C=CC=C3)C3=C2C=CC=C3)=CC(C2=CC=CC(N3C4=C(C=CC=C4)C4=C3C=CC=C4)=C2)=C1
2008050365_50_chem,real/JPO/2008050365_50_chem.png,CN(C)CC1(C2=CC=C(OCCCN3CCC(CCO)CC3)C=C2)CCOCC1
2008144129_30_chem,real/JPO/2008144129_30_chem.png,C1=CC=C(C2=C3C4=CC=C5C6=CC=C/C7=C/C=C\C(=C/67)C6=C\5C4=C(\C=C/6)C3=C(C3=CC=CC=C3)C3=CC=CC=C32)C=C1
2008208129_808_chem,real/JPO/2008208129_808_chem.png,COC1=C(OCCC2CCN(C3NC4=C(C=C(Cl)C=C4)S3)CC2)C=C(CC(=O)O)C=C1
2008291018_1717_chem,real/JPO/2008291018_1717_chem.png,COC1=CC=CC(C(=O)C2=C(NC(=O)C(C)(C)C)C=CC(Cl)=C2)=C1OCC1=CC=CC=C1
2008050365_490_chem,real/JPO/2008050365_490_chem.png,CNCC1(C2=CC=C(OCCCN3CCOCC3)C=C2)CCOCC1
2008216773_9_chem,real/JPO/2008216773_9_chem.png,CC1=CC=C(N(C2=CC=C(C)C=C2)C2=C/C3=C(\C=C/2)C2=CC=CC=C2C3(C)C)C=C1
2008094847_388_chem,real/JPO/2008094847_388_chem.png,NC1=CC=C(C2=CC=CS2)C=C1NC(=O)C1=CC=C(CN2CCOCC2)C=C1
2008206514_254_chem,real/JPO/2008206514_254_chem.png,CCCCC1=CC=C(CC2=NC=CC=C2O)C=C1
2008214462_11_chem,real/JPO/2008214462_11_chem.png,O=C(O)C1=CC=C(OC2=CC=C(C(=O)O)C=C2)C=C1
2008076850_15_chem,real/JPO/2008076850_15_chem.png,OC1=CC2=C(C=C1)C1=C(C2)\C2=C(CC3=C2/C=C/C(O)=C\3)/C2=C\1CC1=C2C=CC(O)=C1
2008285435_46_chem,real/JPO/2008285435_46_chem.png,C1=C/C2=C/C=C\C2=CC=C1N1CCCC1
2008284685_17_chem,real/JPO/2008284685_17_chem.png,C=CCCC(OCC=C)(C(=O)C1=CC=CC=C1)C1=CC=CC=C1
2008223012_41_chem,real/JPO/2008223012_41_chem.png,C1=CC=C(C2=CC(C3=CC=CC(C4=CC(C5=CC=CC=C5)=NC(C5=CC=CC=C5)=C4)=C3)=CC(C3=CC=CC=C3)=N2)C=C1
2008024698_18_chem,real/JPO/2008024698_18_chem.png,C1=CC=C(C2=CC(C3=CC=CC=C3)=NN2C2=CC(C3=CC(N4N=C(C5=CC=CC=C5)C=C4C4=CC=CC=C4)=CC(N4C5=C(C=CC=C5)C5=C4C=CC=C5)=C3)=CC(N3C4=C(C=CC=C4)C4=C3C=CC=C4)=C2)C=C1
2008013664_32_chem,real/JPO/2008013664_32_chem.png,CC(C)(C)C1=CC(CP2(=O)OC3=CC=CC=C3C3=CC=CC=C32)=CC(C(C)(C)C)=C1O
2008143913_37_chem,real/JPO/2008143913_37_chem.png,CC(C)(N)C1=CC=C(C2=CC=C3NN=CC3=C2CO)C=C1
2008094741_34_chem,real/JPO/2008094741_34_chem.png,C=CCOC(=O)C1C(C(=O)OCC(=C)C)C2C(C)C1C1OC12
2008056719_47_chem,real/JPO/2008056719_47_chem.png,CCOC(=O)CN(CC(=O)OCC)C1=C(Br)C=C(C2=NC(CCl(Cl)Cl)=NC(CCl(Cl)Cl)=N2)C=C1
2008049613_14_chem,real/JPO/2008049613_14_chem.png,CCN1C(=O)C(C#N)=C(C)C(/C=N/C2=C(C(C)C)C=CC=C2C(C)C)=C1O
2008276174_4_chem,real/JPO/2008276174_4_chem.png,O=C1OC(=O)C2=C1/C=C\C(C(=O)OCCOC(=O)C1=C/C3=C(\C=C/1)C(=O)OC3=O)=C/2
2008214349_241_chem,real/JPO/2008214349_241_chem.png,COC1=C(OC)\C=C2\C(C3=CC=C(C(C)C)C=C3)=NC(C)=N\C2=C\1
2008133421_76_chem,real/JPO/2008133421_76_chem.png,COC1=C(NC(=O)C2=CC=C(N)C=C2)C=CC(/N=N/C2=CC(S(=O)(=O)O)=CC=C2)=C1
2008251533_17_chem,real/JPO/2008251533_17_chem.png,C=CC1=CC=C(NC(=O)C2=C(OC)C=CC=C2OC)C=C1
2008201756_13_chem,real/JPO/2008201756_13_chem.png,CC1C2=C(CC3C(=O)N(C)C(=S)N13)C1=CC3=C(C=CC=C3)C=C1N2C
2008170399_18_chem,real/JPO/2008170399_18_chem.png,CNCC(O)C1=CC(O)=C(O)C=C1
2008119485_2_chem,real/JPO/2008119485_2_chem.png,CNC(=O)NC
2008156336_138_chem,real/JPO/2008156336_138_chem.png,CN1C=C(C2=C/C3=C(/C=C\C4=C(C=C(CNS(C)(=O)=O)C=C4)C3=O)\N=C\2)C=N1
2008303222_15_chem,real/JPO/2008303222_15_chem.png,CCOC(=O)COC/C=C\CCl
2008089966_3_chem,real/JPO/2008089966_3_chem.png,C=CC(=O)OCC(CC)CCCC
2008094836_61_chem,real/JPO/2008094836_61_chem.png,C=CC(C1=CC=CC=C1)C(C1=CC=C(OCCN2CCCCC2)C=C1)C1=CC=C(OCCN2CCCCC2)C=C1
2008291018_604_chem,real/JPO/2008291018_604_chem.png,COC1=CC=CC(C(=O)C2=CC(Cl)=CC=C2N2C(C)=NN=C2C(CC2OCCO2)OS(C)(=O)=O)=C1OC
2008063265_97_chem,real/JPO/2008063265_97_chem.png,CCC1=NC2=C(OC)C=CC=C2O1
2008247887_161_chem,real/JPO/2008247887_161_chem.png,C1=CC=C(OC2=CC=C(C3=CC=C4C=C(/C=C/C5=CC=C6C=C(C7=CC=C(OC8=CC=CC=C8)C=C7)C=CC6=C5)C=CC4=C3)C=C2)C=C1
2008227159_16_chem,real/JPO/2008227159_16_chem.png,C1=CC=C(C2=CC=NC3=C2/C=C\C2=C3\N=C\C=C2/C2=CC=CC=C2)C=C1
2008007515_75_chem,real/JPO/2008007515_75_chem.png,CC1=NC(Cl)=C2NC(=O)N(C3=CC=C(C(C)C)C=C3Br)C2=N1
2008120794_36_chem,real/JPO/2008120794_36_chem.png,CC1=C(C2=NOC(C3=CC=C(OC4=CC=CC=C4)C(F)=C3)=N2)SC(CN2CC(C(=O)O)C2)=C1
2008019408_4_chem,real/JPO/2008019408_4_chem.png,CC(=O)P(C)(=O)C(C)=O
2008081504_42_chem,real/JPO/2008081504_42_chem.png,C=CC/N=C1\SCC(=O)N1C1=CC=CC=C1
2008150310_30_chem,real/JPO/2008150310_30_chem.png,C1=CC=C(C2=CC=C(N(C3=CC=C(C4=CC=C(C5=CC=C(N(C6=CC=CC=C6)C6=CC=C(N(C7=CC=CC=C7)C7=CC=CC=C7)C=C6)C=C5)C=C4)C=C3)C3=CC=C(N(C4=CC=CC=C4)C4=CC=CC=C4)C=C3)C=C2)C=C1
2008169224_60_chem,real/JPO/2008169224_60_chem.png,NCC(CC1=CC=CC=C1)NC(CC1=CNC=N1)C(=O)O
2008222580_181_chem,real/JPO/2008222580_181_chem.png,CC1(C)C(=O)NN=C1C1=CC=C(F)C(O)=C1
2008115159_5_chem,real/JPO/2008115159_5_chem.png,COC1=C\C(OC)=C2\OCO\C2=C\1C
2008285617_5_chem,real/JPO/2008285617_5_chem.png,CC(C)(O)C(=O)C1=CC=CC=C1
2008164554_16_chem,real/JPO/2008164554_16_chem.png,O=C(O)CN(CC(=O)O)CC1=NN(C2=CC(C3=CC=CC=C3)=CC(N3C=CC(CN(CC(=O)O)CC(=O)O)=N3)=N2)C=C1
2008066499_8_chem,real/JPO/2008066499_8_chem.png,N#CC1=C(C#N)N=C2C(=N1)C1=NC(C#N)=C(C#N)N=C1C1=NC(C#N)=C(C#N)N=C21
2008266294_48_chem,real/JPO/2008266294_48_chem.png,O=C(NNC(=O)C1=C(Br)C=CC=C1)NC1=CC=C(Cl)C=C1
2008214547_9_chem,real/JPO/2008214547_9_chem.png,O=S(=O)(C1=CC2=C(C=C1)OCN(C1=CC=CC=C1)C2)C1=C/C2=C(\C=C/1)OCN(C1=CC=CC=C1)C2
2008247887_135_chem,real/JPO/2008247887_135_chem.png,C1=CC=C(N(C2=CC=CC=C2)C2=C\C=C3\C=C(/C=C/C4=C/C=C5/C=C(/C6=C/C7=C(C=CC=C7)C6)C=C\C5=C/4)C=C\C3=C\2)C=C1
2008230977_20_chem,real/JPO/2008230977_20_chem.png,COC1=C(OC)C=C2C(=C1)CN(C)/C1=C3\C=C4\OCO\C4=C\C3=C\C=C\21
2008074837_24_chem,real/JPO/2008074837_24_chem.png,COC(=O)CC1=CC=C(OCC2=CC=CC=C2C(=O)OC)C=C1
2008088126_8_chem,real/JPO/2008088126_8_chem.png,O=C(NCCOCCO)C(=CC1=CC=CO1)C(=O)NCCOCCO
2008094770_4_chem,real/JPO/2008094770_4_chem.png,C=CC(=O)OCCSC1=CC(C)=C(C(=O)C2=CC=C3C(=C2)C2=C(/C=C\C(\C(C)=N\OC(C)=O)=C/2)N3CC)C=C1
2008224734_10_chem,real/JPO/2008224734_10_chem.png,C1=CC=C(/C=C/C=C/C2=CC=C(N(C3=CC=CC=C3)C3=CC=C(/C=N/N(C4=CC=CC=C4)C4=CC=CC=C4)C=C3)C=C2)C=C1
2008101015_375_chem,real/JPO/2008101015_375_chem.png,COC1=C(N2C=NC(C)=C2)C=CC(/C=C2\CCCN(CC3=CC=C4C=C(N5CCOCC5)C=CC4=C3)C2=O)=C1
2008291018_1039_chem,real/JPO/2008291018_1039_chem.png,CC(C)(C)OC(=O)NC1=C(C(O)C2=C3\OCCO\C3=C\C=C\2)C=C(Cl)C=C1
2008019368_21_chem,real/JPO/2008019368_21_chem.png,COC1=CC=C(C2(C3=CC=C(OC)C=C3)C3=CC=CC=C3C3=C2C=CC=C3)C=C1
2008161737_15_chem,real/JPO/2008161737_15_chem.png,CCC(C)CC(C)CC
2008291018_868_chem,real/JPO/2008291018_868_chem.png,CCC(CC)(OCC=O)C(=O)OC
2008024694_6_chem,real/JPO/2008024694_6_chem.png,C=CC(=O)OC(COCCCC)COC1=CC=C(OCC(COCCCC)OC(=O)C=C)C2=CC=CC=C12
2008111105_10_chem,real/JPO/2008111105_10_chem.png,CC(CC(=O)OCC1CCC2OC2C1)CC(C)(C)COC(=O)C1CCC2OC2C1
2008171589_3_chem,real/JPO/2008171589_3_chem.png,C.C=CCN1C(=O)N(CC)C(=O)N(CC=C)C1=O
2008066062_6_chem,real/JPO/2008066062_6_chem.png,O=[PH]1OCCO1
2008291018_822_chem,real/JPO/2008291018_822_chem.png,COC(=O)/C=C/C1=CC=CN1C1=CC=C(Cl)C=C1C(=O)C1=C(OC)C(OC)=CC=C1F
2008101187_15_chem,real/JPO/2008101187_15_chem.png,O=C(OC1=CC=C(OC(=O)C2=CC3=C(C=C2)C(=O)OC3=O)C=C1)C1=CC=C(C(=O)OC2=CC=C(OC(=O)C3=CC4=C(C=C3)C(=O)OC4=O)C=C2)C=C1
2008105283_3_chem,real/JPO/2008105283_3_chem.png,CCC(O)CC(O)CC(C)O
2008291018_1990_chem,real/JPO/2008291018_1990_chem.png,CCC1=C(C(=O)C2=C(NC(=O)C(C)(C)C)C=CC(Cl)=C2)C=CC=C1OC
2008031042_24_chem,real/JPO/2008031042_24_chem.png,ON(O)C1=C2NC=C(Cl)C2=CC=C1
2008280649_2_chem,real/JPO/2008280649_2_chem.png,C1=NN=NN1
2008189937_12_chem,real/JPO/2008189937_12_chem.png,C1=CC=C(/C2=C3\C=C/C(=C(\C4=CC=CC=C4)C4=N/C(=C(C5=CC=CC=C5)\C5=C\C=C(N5)\C(C5=CC=CC=C5)=C5\C=CC2=N5)C=C4)N3)C=C1
2008239616_449_chem,real/JPO/2008239616_449_chem.png,N#CCCC1=CC=C(CN2CCN(C3=NC4=CC=C(Cl)C=C4S3)CC2)C=C1
2008280331_29_chem,real/JPO/2008280331_29_chem.png,CC1=CC=C(N(C2=CC=C(C)C=C2)C2=C3\C=CC=C4C5=CC=CC6=CC=CC(=C65)C(=C\43)\C=C\2)C=C1
2008170399_20_chem,real/JPO/2008170399_20_chem.png,O=C(O)CC1=CNC2=CC=C(O)C=C12
2008101015_248_chem,real/JPO/2008101015_248_chem.png,CC(O)C1=CC(/C=C/C(=O)NC2CCC3=C2C=CC=C3)=CC=C1N1C=CN=C1
2008239616_1080_chem,real/JPO/2008239616_1080_chem.png,O=C(O)CC1=CC(OCCC2(N3CCOCC3)CCC(/C3=N/C4=C(N=C(C(F)(F)F)C=C4)S3)CC2)=C(Cl)C=C1
2008133264_118_chem,real/JPO/2008133264_118_chem.png,CC(C)(C)C1=CC(/C=C/C2=CC=C(N(C3=CC=CC=C3)C3=CC(/C=C/C4=CC(C(C)(C)C)=CC(C(C)(C)C)=C4)=CC=C3)C=C2)=CC(C(C)(C)C)=C1
2008226648_8_chem,real/JPO/2008226648_8_chem.png,O=C1OC(=O)C2=CC(S(=O)(=O)C3=CC4=C(C=C3)C(=O)OC4=O)=CC=C12
2008095087_86_chem,real/JPO/2008095087_86_chem.png,C=C(C)C(=O)O
2008106016_158_chem,real/JPO/2008106016_158_chem.png,C=CCN1C(=O)CC2(CC=CCC2)C1=O
2008026481_12_chem,real/JPO/2008026481_12_chem.png,C=CC(=O)OCCCC1=CC=C(N(C2=CC=C(CCCOC(=O)C=C)C=C2)C2=CC=C(C)C(C)=C2)C=C1
2008098665_57_chem,real/JPO/2008098665_57_chem.png,C1=CC=C(C2=CC=C(C3=C4C=CC=CC4=C(C4=CC=C(C5=CC=CC=C5)C=C4)C4=C(C5=CC=CC=C5)C5=CC=CC=C5C(C5=CC=CC=C5)=C34)C=C2)C=C1
2008040463_26_chem,real/JPO/2008040463_26_chem.png,CC1=CC=C(/C(=C/C2=CC=C(N(C3=CC=C(C)C=C3)C3=CC=C(/C=C(\C4=CC=CC=C4)C4=CC=C(C)C=C4)C=C3)C=C2)C2=CC=CC=C2)C=C1
2008243435_20_chem,real/JPO/2008243435_20_chem.png,C=CC1=CC=C(C2=CC=C(C3=NN=C(C4=CC=C(C5=CC=C(C=C)C=C5)C=C4)O3)C=C2)C=C1
2008258580_31_chem,real/JPO/2008258580_31_chem.png,CC1(C)C2=C(C=CC=C2)C2=C1/C=C(N(C1=CC=CC=C1)C1=CC=C(C3=CC=C(N(C4=CC=CC=C4)C4=C/C5=C(/C=C/4)C4=C(C=CC=C4)C5(C)C)C=C3)C=C1)\C=C\2
2008030370_4_chem,real/JPO/2008030370_4_chem.png,CP(C)(C)=O
2008143905_423_chem,real/JPO/2008143905_423_chem.png,O=C(CCl)NC1=CC=C(Cl)C=N1
2008222580_150_chem,real/JPO/2008222580_150_chem.png,O=C1CCC(C2=CC=C(O)C(F)=C2)=NN1
2008285516_6_chem,real/JPO/2008285516_6_chem.png,NC1=CC=C2OC(C3=CC=C(C4=NC5=C(C=CC(N)=C5)O4)C=C3)=NC2=C1
2008198391_3_chem,real/JPO/2008198391_3_chem.png,O=C1OCC(F)O1
2008266295_157_chem,real/JPO/2008266295_157_chem.png,O=C(O)C1=CC=C(COC2=CC=CC=C2C2=NN=C(NC3=CC=CC=C3)S2)C=C1
2008115389_28_chem,real/JPO/2008115389_28_chem.png,C1=CC(N(CC2CO2)CC2CO2)=CC=C1OCC1CO1
2008168439_6_chem,real/JPO/2008168439_6_chem.png,O=C1OC(=O)C2=CC3=C(C=C12)C(=O)OC3=O
2008247907_178_chem,real/JPO/2008247907_178_chem.png,CS(=O)(=O)CCNCC1=CC=C(N2C=C3N=CN=C(NC4=CC(Cl)=C(OCC5=CC(F)=CC=C5)C=C4)C3=N2)C=C1
2008069363_9_chem,real/JPO/2008069363_9_chem.png,C1=CC=C(C=CC=CC2=CC=C(N(C3=CC=CC=C3)C3=CC=C(C4=CC=C(N(C5=CC=CC=C5)C5=CC=C(C=CC=CC6=CC=CC=C6)C=C5)C=C4)C=C3)C=C2)C=C1
2008139888_13_chem,real/JPO/2008139888_13_chem.png,CC(C)(C1=CC=C(O)C=C1)C1=CC=C(O)C=C1
2008013708_5_chem,real/JPO/2008013708_5_chem.png,CC1=CC=CC(NC(=O)C2=C/C3=C(C=CC=C3)/C=C\2O)=C1
2008222648_32_chem,real/JPO/2008222648_32_chem.png,COC(=O)CC(=O)C1=CC=C(OC)C=C1
2008138011_95_chem,real/JPO/2008138011_95_chem.png,C=CC1=COC(/C=C/C2=CC=CC=C2)=N1
2008179650_82_chem,real/JPO/2008179650_82_chem.png,N#CC1=CC=C(N2C=CC=N2)C=C1O
2008144099_10_chem,real/JPO/2008144099_10_chem.png,NC1=CC=C(C2=NC3=C(/C=C4/N=C(C5=CC=C(N)C=C5)O/C4=C/3)O2)C=C1
2008266236_60_chem,real/JPO/2008266236_60_chem.png,ClC1=CC=C(SC2=CC=CC=C2NCCCN2CCN(CC3=C/C4=C(\C=C/3)OCO4)CC2)C=C1
2008266295_89_chem,real/JPO/2008266295_89_chem.png,BrC1=CC=C(NC2=NN=C(C3=CC=CC=C3OCC3=CC=NC=C3)S2)C=C1
2008169191_29_chem,real/JPO/2008169191_29_chem.png,COC1=CC=C2C(C)=NOC2=C1CCN1CCC(N2/C=C\C3=CC=C(C(N)=O)C=C32)CC1
2008274007_23_chem,real/JPO/2008274007_23_chem.png,OC1COC2C(O)COC12
2008174648_4_chem,real/JPO/2008174648_4_chem.png,CCC1(CO)COC1
2008156302_27_chem,real/JPO/2008156302_27_chem.png,C1=CC=C(/C=C/C=C/C2=CC=C(NC3=CC(CC4=CC=CC(NC5=CC=C(/C=C/C=C/C6=CC=CC=C6)C=C5)=C4)=CC=C3)C=C2)C=C1
2008120831_107_chem,real/JPO/2008120831_107_chem.png,CCCC(C)CN1C(=O)NC(=O)C2=C1N=C(Cl)N2
2008026791_5_chem,real/JPO/2008026791_5_chem.png,C1=CC2=C3/N=C4\N=C(\N=C5/N/C(=N\C6=N\C(=N/C(=C2C=C1)N3)C1=C6C=CC=C1)C1=C5/C=C\C=C/1)C1=C4C=CC=C1
2008120831_17_chem,real/JPO/2008120831_17_chem.png,C=CCCCN1C(=O)NC(=O)C2=C1/N=C(/Cl)N2
2008056680_159_chem,real/JPO/2008056680_159_chem.png,CC(C)(O)CC1=CC(CC(=O)O)=CC=C1
2008300313_5_chem,real/JPO/2008300313_5_chem.png,O=S1(=O)CC=CC1
2008247907_169_chem,real/JPO/2008247907_169_chem.png,COCC(=O)NC1=CC=C(N2C=C3N=CN=C(NC4=CC=C(OC5=CC=C(C)N=C5)C(C)=C4)C3=N2)C=C1
2008069221_44_chem,real/JPO/2008069221_44_chem.png,C1=CC=C2C(=C1)C1=C(C=CC=C1)N2C1=CC=C(C2=CC=C(N3C4=CC=CC=C4C4=C3/C=C\C=C/4)C=C2)C=C1
2008277369_5_chem,real/JPO/2008277369_5_chem.png,CC1=C(C)C2=C(S1)S/C(C)=C\2C
2008145901_27_chem,real/JPO/2008145901_27_chem.png,N#CC1=CC(NC2=NC(NC3=CC=C(S(=O)(=O)O)C=C3)=NC(NC3=CC=C(S(=O)(=O)O)C=C3)=N2)=CC=C1
2008115166_68_chem,real/JPO/2008115166_68_chem.png,COC1=CC=C(S(=O)(=O)C(C2=C(C)C=C(C(=O)NCCO)N=C2)C2=C(F)C=CC(F)=C2)C=C1F
2008189709_10_chem,real/JPO/2008189709_10_chem.png,OC1CCC(C2CCC(O)CC2)CC1
2008291277_3_chem,real/JPO/2008291277_3_chem.png,CC(C)(CO)C1OCC2(CO1)COC(C(C)(C)CO)OC2
2008281723_11_chem,real/JPO/2008281723_11_chem.png,CCC1=C(N(C2=CC=C(/C=C/C=C/C3=CC=CC=C3)C=C2)C2=CC=C(/C=C/C3=CC=C(C)C=C3)C=C2)C(C)=CC=C1
2008146044_3_chem,real/JPO/2008146044_3_chem.png,CC(=O)O/N=C/C1=CC2=C(C=C1)SC1=CC=CC=C1C2=O
2008039899_31_chem,real/JPO/2008039899_31_chem.png,CN(C)C1=CC=C(NOCC2=CC3=CC=CC=C3C(/N=N/C3=CC4=C(C=C3)C(=O)N(C3=CC=C(/N=N\C5=C(O)\C(C(=O)NC6=CC=C(N(C)C)C=C6)=C/C6=CC=CC=C65)C=C3)C4=O)=C2O)C=C1
2008249753_12_chem,real/JPO/2008249753_12_chem.png,COC1=CC=C(NC(=O)C2=CC(OC)=CC=C2C(=O)O)C=C1
2008258603_10_chem,real/JPO/2008258603_10_chem.png,C1=CC=C2C=C(C3=C4C=CC(C5=CC=C6C=CC=CC6=C5)=CC4=C(C4=CC5=CC=CC=C5C=C4)C4=CC=CC=C43)C=CC2=C1
2008291018_962_chem,real/JPO/2008291018_962_chem.png,COC1=C(OC)C(C2OC(CC3OCCO3)C3=NC=CN3C3=CC=C(Cl)C=C32)=CC=C1
2008179641_19_chem,real/JPO/2008179641_19_chem.png,C/C(=C\C1=CC=C(C(=O)O)C=C1)C(=O)C1=CC2=C/C=C(N3CCOCC3)/C=C\2OC1=O
2008145763_20_chem,real/JPO/2008145763_20_chem.png,O=C(Cl)C1=CC=C(OC2=CC=C(C(=O)Cl)C=C2)C=C1
2008180875_26_chem,real/JPO/2008180875_26_chem.png,C=CC(=O)OC1=CC=C(C2CCC(CCC)CC2)C=C1
2008284471_2_chem,real/JPO/2008284471_2_chem.png,COC1=CC=C(C(C)(C)C2=CC=C(OC3=CC=C(S(=O)(=O)C4=CC=C(C)C=C4)C=C3)C=C2)C=C1
2008021624_17_chem,real/JPO/2008021624_17_chem.png,O=[PH](O)C1=CC=CC=C1
2008070901_38_chem,real/JPO/2008070901_38_chem.png,ClC(Cl)(Cl)C1=NC(C2=C/C3=C(\C=C/2)OCO3)=NC(C(Cl)(Cl)Cl)=N1
2008291018_506_chem,real/JPO/2008291018_506_chem.png,COC(=O)/C=C/C1=CC=CN1C1=CC=C(Cl)C=C1C(O)C1=CC(OC)=CC=C1
2008077101_29_chem,real/JPO/2008077101_29_chem.png,O=C(O)CNC1=CC=CC=C1
2008291055_5_chem,real/JPO/2008291055_5_chem.png,OC1COC2C(O)COC12
2008164715_14_chem,real/JPO/2008164715_14_chem.png,CC1=CC=C(N(C2=CC=C(C)C=C2)C2=CC=C(C3=CC=C(N(C4=CC=C(C)C=C4)C4=CC=C(C)C=C4)C=C3)C=C2)C=C1
2008165156_6_chem,real/JPO/2008165156_6_chem.png,CCN(CC)C1=CC=C(C(=CC=C(C2=CC=CC=C2)C2=CC=CC=C2)C2=CC=C(N(CC)CC)C=C2)C=C1
2008247887_100_chem,real/JPO/2008247887_100_chem.png,O=C1C2=CC=C/C3=C/C=C\C(=C23)C(=O)N1C1=CC=C(C2=C\C=C3\C=C(/C=C/C4=C/C=C5/C=C(C6=CC=C(N7C(=O)C8=C9C(=CC=C8)/C=C\C=C/9C7=O)C=C6)C=C\C5=C/4)C=C\C3=C\2)C=C1
2008150621_5_chem,real/JPO/2008150621_5_chem.png,COC(=O)/C(C#N)=C\C1=CC=C(O)C=C1
2008214389_11_chem,real/JPO/2008214389_11_chem.png,CC1=C(C2=C(/C3=C(\C)SC4=C3C=CC=C4)C(F)(F)C(F)(F)C2(F)F)C2=CC=CC=C2S1
2008273950_33_chem,real/JPO/2008273950_33_chem.png,O=C(O)C1=CC2=C(C=CC=C2)N1CCCCN1C(C(=O)O)=CC2=C1/C=C\C=C/2
2008291018_446_chem,real/JPO/2008291018_446_chem.png,COC1=CC=NC(C(O)C2=CC(Cl)=CC=C2N2C=CC=C2/C=C/C(=O)O)=C1OC
2008242093_73_chem,real/JPO/2008242093_73_chem.png,C=CC(=O)OCCNC(N)=O
2008218445_5_chem,real/JPO/2008218445_5_chem.png,CC1=CC=CC(N(C2=CC=CC=C2)C2=CC=C(C3=CC=C(N(C4=CC=CC=C4)C4=CC=CC(C)=C4)C=C3)C=C2)=C1
2008081504_15_chem,real/JPO/2008081504_15_chem.png,CC1=CC=CC(C)=C1N1C(=O)CS/C1=N\C(C)C
2008195846_2_chem,real/JPO/2008195846_2_chem.png,C=CC(O)CC(C=C)CC1OC1CC/C=C/CCC1OC1/C=C\O
2008024650_8_chem,real/JPO/2008024650_8_chem.png,O=C(Cl)COC1=C(/C2=C(OCC(=O)Cl)/C=C\C3=C2C=CC=C3)C2=C(C=C1)/C=C\C=C/2
2008088322_9_chem,real/JPO/2008088322_9_chem.png,COC1=CC=C2C=C(C(C)=O)C=CC2=C1
2008047814_2_chem,real/JPO/2008047814_2_chem.png,NC1=CC=C(C2=NC3=C/C(N)=C/C=C\3O2)C=C1
2008216999_10_chem,real/JPO/2008216999_10_chem.png,CN1C2=CC=C(/C=N\N(C3=CC=CC=C3)C3=CC=CC=C3)C=C2C2=C1C=CC=C2
2008024884_10_chem,real/JPO/2008024884_10_chem.png,NC1=CC=C(C2=NC3=C(/C=C4/N=C(C5=CC=C(N)C=C5)O/C4=C/3)O2)C=C1
2008131436_5_chem,real/JPO/2008131436_5_chem.png,CCCC(C)=O
2008300750_3_chem,real/JPO/2008300750_3_chem.png,C1=CC2=CC=CC3=C2C(=C1)/C1=C3/C2=C3\C1=CC=C\C3=C\C=C\2
2008094795_85_chem,real/JPO/2008094795_85_chem.png,O=C1N=C2C3=C(/C=C\N2C12CCCC2)CCCC3
2008106055_44_chem,real/JPO/2008106055_44_chem.png,C1=CC=C(/C=C/C2=CC(N(C3=CC=CC(C4=CC=CC=C4)=C3)C3=CC=CC(C4=CC=CC=C4)=C3)=CC=C2)C=C1
2008257220_35_chem,real/JPO/2008257220_35_chem.png,CC1=CC(CN2C(=O)C3=C(CCCC3)C2=O)=C(O)C(N2/N=C3/C=CC=C/C3=N/2)=C1
2008143905_308_chem,real/JPO/2008143905_308_chem.png,O=C(O)C1=CC=C(C2=CC=NC=C2)C=C1
2008208129_629_chem,real/JPO/2008208129_629_chem.png,O=C(O)C1=C(OCC2CCN(C3=NC4=CC=C(Cl)C=C4S3)CC2)C=CC=C1
2008197395_13_chem,real/JPO/2008197395_13_chem.png,CC1=CC=C(S(=O)(=O)NC2=CC=CC=C2)C=C1
2008013527_122_chem,real/JPO/2008013527_122_chem.png,N#CC1=CC(NC2=N/C3=C(SC=C3)/C(NC3CC3)=N\2)=CC=C1N1CCNCC1
2008007377_23_chem,real/JPO/2008007377_23_chem.png,C1=CC=C(C2=CC=C(C3=CC=C(C4=CC=C(C5=CC=C(C6=CC=C(C7=CC=CC=C7)S6)S5)S4)S3)S2)C=C1
2008285681_4_chem,real/JPO/2008285681_4_chem.png,CC(=O)CC(C)=O
2008239593_92_chem,real/JPO/2008239593_92_chem.png,CCOC(=O)C(=O)C(F)(F)F
2008004725_7_chem,real/JPO/2008004725_7_chem.png,C1=CC=C2C=C3C=C4C=C5C=CC=CC5=CC4=CC3=CC2=C1
2008094795_25_chem,real/JPO/2008094795_25_chem.png,O=C1/N=C2/C(Cl)=CC(Cl)=CN2C1(CC1=CC=CC=C1)CC1=CC=CC=C1
2008137925_10_chem,real/JPO/2008137925_10_chem.png,O=S1CC(O)C(O)C(O)CC(O)CC(O)C(O)C(O)C(O)C1
2008185692_22_chem,real/JPO/2008185692_22_chem.png,C=CCOCC(COCC=C)(COCC=C)COC(=O)CCC=O.O
2008110966_12_chem,real/JPO/2008110966_12_chem.png,CC(C)(C)OC(=O)CC1=CC=C2OCC3=C(/C=C\C=C/3)C(=O)C2=C1
2008032911_29_chem,real/JPO/2008032911_29_chem.png,O=C1C=CC(=O)C2=C1C=CC=C2O
2008163087_5_chem,real/JPO/2008163087_5_chem.png,O=C(OC1=CC=C(OC(=O)C2CCC3C(=O)OC(=O)C3C2)C=C1)C1CCC2C(=O)OC(=O)C2C1
2008074837_20_chem,real/JPO/2008074837_20_chem.png,O=C(O)CC1=CC=C(OCC2=CC=CC=C2C(=O)O)C=C1
2008111122_32_chem,real/JPO/2008111122_32_chem.png,NC1=NNC(S)=N1
2008094015_15_chem,real/JPO/2008094015_15_chem.png,NC1=CC=C(C2=NC3=C/C4=C(/C=C/3O2)/N=C(/C2=CC(N)=CC=C2)O4)C=C1
2008133310_5_chem,real/JPO/2008133310_5_chem.png,CC/C=C(\C)CO
2008250149_19_chem,real/JPO/2008250149_19_chem.png,CC1=C(C=NN(C2=CC=CC=C2)C2=CC=CC=C2)C=CC(N(C2=CC=CC=C2)C2=CC=CC=C2)=C1
2008266294_145_chem,real/JPO/2008266294_145_chem.png,FC(F)(F)C1=CC=CC(NC2=NN=C(C3=CC=CC=C3OCC3=CC=NC=C3)O2)=C1
2008247907_91_chem,real/JPO/2008247907_91_chem.png,O=C(O)C1=CC(N/C2=N/C=N\C3=C2NC=C3)=CC=C1OC1=CC(Cl)=CC(Cl)=C1
2008122943_17_chem,real/JPO/2008122943_17_chem.png,C1=CC2=C(C=C1)N(C1=CC=C(C3=CC=C(N4C5=C(C=CC=C5)CCC5=C4C=CC=C5)C=C3)C=C1)C1=C(C=CC=C1)CC2
2008115166_145_chem,real/JPO/2008115166_145_chem.png,CC1=C(C(C2=C(F)C=CC(F)=C2F)S(=O)(=O)C2=CC=C(C(F)(F)F)N=C2)C=NC(C(=O)NCO)=C1
2008273784_5_chem,real/JPO/2008273784_5_chem.png,CC1CCC2OC2C1
2008231111_22_chem,real/JPO/2008231111_22_chem.png,COCC1=CC=C(N2CCNCC2)C=C1
2008239640_6_chem,real/JPO/2008239640_6_chem.png,O=C(OC1=CC=C(OC(=O)C2=C/C=C3\C(=O)OC(=O)\C3=C\2)C=C1)C1=CC=C2C(=O)OC(=O)C2=C1
2008044357_8_chem,real/JPO/2008044357_8_chem.png,C=CCOC(=O)C1=CC=CC(C(=O)OCC(CC)(COC(=O)C2=CC=CC(C(=O)OCC(C)OC(=O)C3=CC(C(=O)OCC=C)=CC=C3)=C2)COC(=O)C2=CC(C(=O)OCC=C)=CC=C2)=C1
2008222622_4_chem,real/JPO/2008222622_4_chem.png,COC1=CC2=C(C=C1)C1(O)COC3=C(/C=C\C(OC)=C/3)C1O2
2008247887_375_chem,real/JPO/2008247887_375_chem.png,COC(=O)/C1=C/C(C2=CC=C(C3=CC4=C/C=C(/C=C/C5=CC6=C/C=C(C7=CC=C(C8=N/C9=C(C=CC=C9)/C(CC(O)O)=C\8)C=C7)\C=C\6C=C5)\C=C\4C=C3)C=C2)=N\C2=C1C=CC=C2
2008214335_15_chem,real/JPO/2008214335_15_chem.png,COC1=C(CC2=C(C)C=C(O)C=C2O)C(C)=CC(O)=C1C(=O)O
2008071559_3_chem,real/JPO/2008071559_3_chem.png,O=S1(=O)CS(=O)(=O)OCO1
2008016422_6_chem,real/JPO/2008016422_6_chem.png,CC(=O)C(C)=O
2008127290_10_chem,real/JPO/2008127290_10_chem.png,C1=CC=C(N2C3=C(C=C(N4C5=CC=CC=C5C5=C4C=CC=C5)C=C3)C3=C2C=CC(N(C2=CC=CC=C2)C2=C/C4=C(/C=C/2)N(C2=CC=CC=C2)C2=C4C=C(N4C5=CC=CC=C5C5=C4C=CC=C5)C=C2)=C3)C=C1
2008122760_15_chem,real/JPO/2008122760_15_chem.png,CCC1=C(N(C2=CC=CC=C2)C2=CC=C(/C=C/C3=CC=C(/C=C/C4=CC=C(N(C5=CC=CC=C5)C5=C(CC)C=CC=C5C)C=C4)C=C3)C=C2)C(C)=CC=C1
2008069331_37_chem,real/JPO/2008069331_37_chem.png,N/C1=C(\N=N/C2=C(\S(=O)(=O)O)C3=C(\C=C/2)C(O)=CC(S(=O)(=O)O)=C3)/C=C(/S(=O)(=O)O)C2=C1C(O)=C(/N=N\C1=C(S(=O)(=O)O)C=C(N(O)O)C=C1)C(S(=O)(=O)O)=C2
2008001630_20_chem,real/JPO/2008001630_20_chem.png,CC1=CC2=C(C=C1)/N=C\C=C/2O
2008013527_148_chem,real/JPO/2008013527_148_chem.png,FC(F)(F)CN/C1=N/C(NC2=CC=C(N3CCOCC3)C=C2)=N\C2=C1SC=C2
2008214448_9_chem,real/JPO/2008214448_9_chem.png,OC1CCC(C2CCC(O)CC2)CC1
2008122843_12_chem,real/JPO/2008122843_12_chem.png,CC(=O)ON=CC1=C/C2=C(/C=C/1)SC1=C(C=CC=C1)C2=O
2008291018_419_chem,real/JPO/2008291018_419_chem.png,O=C(/C=C/C1=CC=CN1C1=CC=C(Cl)C=C1C(O)C1=C2OCCOC2=CC=C1)OCC1=CC=CC=C1
2008206514_228_chem,real/JPO/2008206514_228_chem.png,Cl/C1=N/C=C\C2=C1OC=C2
2008135759_20_chem,real/JPO/2008135759_20_chem.png,CC(C)(C1=CC=C(OC2=CC=C3C(=O)OC(=O)C3=C2)C=C1)C1=CC=C(OC2=C/C3=C(\C=C/2)C(=O)OC3=O)C=C1
2008208139_31_chem,real/JPO/2008208139_31_chem.png,C/C=C1\SC(=S)NC1=O
2008161737_18_chem,real/JPO/2008161737_18_chem.png,CC1C(C)C2CC1C(C)C2C
2008201697_5_chem,real/JPO/2008201697_5_chem.png,C=C(C)C(=O)OCCCCCCCCCCC(C(=O)O)C(=O)O
2008169174_16_chem,real/JPO/2008169174_16_chem.png,CC/C=C\C/C=C\C/C=C\C/C=C\C/C=C\C/C=C\CCC(=O)OC1=CC2=C(C(O)=C1OC)C1OC(CO)C(O)C(O)C1OC2=O
2008088176_677_chem,real/JPO/2008088176_677_chem.png,CCC(N)C(=O)C1=NN=C(C2=CC=NC=C2)O1
2008074947_29_chem,real/JPO/2008074947_29_chem.png,COP(=O)(CC(C)CC(C)(C)C)CC(C)CC(C)(C)C
2008291011_67_chem,real/JPO/2008291011_67_chem.png,CC1=CC=C(N(C2=CC=C(/C=C\C3=CC=C(/C=C\C4=CC=C(N(C5=CC=C(C)C=C5)C5=C(C)C=C(C)C=C5)C=C4)C=C3)C=C2)C2=C(C)C=C(C)C=C2)C=C1
2008303214_112_chem,real/JPO/2008303214_112_chem.png,O=C1CCC(=O)CC1
2008214343_68_chem,real/JPO/2008214343_68_chem.png,CCN(C(C)C)P(OCCO)OCCC#N
2008291018_1639_chem,real/JPO/2008291018_1639_chem.png,COC1=CC=CC(C(O)C2=C(N)C=CC(F)=C2)=C1C
2008231428_19_chem,real/JPO/2008231428_19_chem.png,CCC1CO1
2008094771_33_chem,real/JPO/2008094771_33_chem.png,O=C(Cl)C1=CC=C(Cl)C(OCCN2C=NN=N2)=C1Cl
2008208129_824_chem,real/JPO/2008208129_824_chem.png,CC1=CC(SCCC2CCN(/C3=N/C4=C(C=C(Cl)C=C4)S3)CC2)=CC=C1C(C)CC(=O)O
2008130599_7_chem,real/JPO/2008130599_7_chem.png,FC(F)(F)C1=CC=CC=C1C1=NC2=C(/C=C\C(C(C3=CC4=C(C=C3)OC(C3=C(C(F)(F)F)C=CC=C3)=N4)(C(F)(F)F)C(F)(F)F)=C/2)O1
2008276225_7_chem,real/JPO/2008276225_7_chem.png,CC(O)C(N)=O
2008034788_14_chem,real/JPO/2008034788_14_chem.png,C1=CC2=C3C(=C1)C1=C\C=C/C4=C\1C(=C/C=C/4)/C3=C/C=C\2
2008074874_72_chem,real/JPO/2008074874_72_chem.png,CCCN1CCOC(C2=C3C(=CC=C2)NC(=O)C3(Br)Br)C1
2008081672_16_chem,real/JPO/2008081672_16_chem.png,C=C(C)C(=O)OCCOC(=O)CCC(=O)O
2008024762_11_chem,real/JPO/2008024762_11_chem.png,O=P(Cl)(C1=CC=CC=C1)C1=CC=CC=C1
2008255324_35_chem,real/JPO/2008255324_35_chem.png,CC(C)(C)C1=CC=C(C2=NN=C(C3=CC=CC(C4=NN=C(C5=CC=C(C(C)(C)C)C=C5)O4)=C3)O2)C=C1
2008143913_19_chem,real/JPO/2008143913_19_chem.png,CC(C)(N)C1=CN=C(C2=CC=C3NN=CC3=C2N(O)O)C=C1
2008231088_78_chem,real/JPO/2008231088_78_chem.png,O=C(/C=C/C1=C(/C=C2\OC3=CC=CC=C3NC2=O)C=CC=C1)NCC1=CC=CC=N1
2008303221_13_chem,real/JPO/2008303221_13_chem.png,COCN1C(=O)N(COC)C(=O)N(COC)C1=O
2008050365_476_chem,real/JPO/2008050365_476_chem.png,C1=CC2=C(C=N1)/N=C\N2CC1(C2=CC=C(OCCCN3CCCC3)C=C2)CCOCC1
2008247887_253_chem,real/JPO/2008247887_253_chem.png,CC1=CC2=C(C=C1)/C=C\C=C/2
2008122451_32_chem,real/JPO/2008122451_32_chem.png,CC1=CC=C(O)C(C(=O)O)=C1
2008201756_10_chem,real/JPO/2008201756_10_chem.png,CC1/C2=C(CC3C(=O)N(C)C(=S)N31)/C1=C/C3=C(C=CC=C3)/C=C\1N2
2008152232_13_chem,real/JPO/2008152232_13_chem.png,CC1=CC=C(N(C2=CC=C(C)C=C2)C2=CC=C(C=C(C3=CC=CC=C3)C3=CC=CC=C3)C=C2)C=C1
2008106016_62_chem,real/JPO/2008106016_62_chem.png,CC1=CC=CC(C)=C1
2008152128_22_chem,real/JPO/2008152128_22_chem.png,CC1=CC(C(C)(C)C2=CC=C(O)C(C)=C2)=CC=C1O
2008112630_13_chem,real/JPO/2008112630_13_chem.png,O=C1C(=O)C2=C(/C=C/C=C/2)C2=C1C=CC=C2
2008106226_6_chem,real/JPO/2008106226_6_chem.png,O=C(O)C1CCC2C(=O)OC(=O)C2C1
2008083105_20_chem,real/JPO/2008083105_20_chem.png,C1=CC=C(C=CC=CC2=CC=C(N(C3=CC=CC=C3)C3=CC=C(C4=CC=C(N(C5=CC=CC=C5)C5=CC=C(C=CC=CC6=CC=CC=C6)C=C5)C=C4)C=C3)C=C2)C=C1
2008266338_40_chem,real/JPO/2008266338_40_chem.png,COC1=C(F)C=CC(C(O)CN)=C1
2008241754_12_chem,real/JPO/2008241754_12_chem.png,O=C1NCCO1
2008159777_18_chem,real/JPO/2008159777_18_chem.png,CC1=CC(N(C2=CC=CC=C2)C2=CC=C(N(C3=CC=C(N(C4=CC=CC=C4)C4=CC=CC(C)=C4)C=C3)C3=CC=C(N(C4=CC=CC=C4)C4=CC=CC(C)=C4)C=C3)C=C2)=CC=C1
2008239616_1072_chem,real/JPO/2008239616_1072_chem.png,O=C(O)CC1=CC(OCCC2(N3CCOCC3)CCN(C3=NC=C(Br)S3)CC2)=C(Cl)C=C1
2008074751_5_chem,real/JPO/2008074751_5_chem.png,ClC1=C(Cl)C=C(C2=CC(N3CCN(C4=CC=NC=C4)CC3)=NC=N2)C=C1
2008095000_18_chem,real/JPO/2008095000_18_chem.png,O=C1OC(=O)C2=C1/C=C1/C(=O)OC(=O)/C1=C/2
2008204934_5_chem,real/JPO/2008204934_5_chem.png,C1=CC=C(/C2=C3\C=CC=C\C3=C(/C3=CC=C(N(C4=CC=CC=C4)C4=C\C5=C(\C=C/4)N(C4=CC=CC=C4)C4=C5C=CC=C4)C=C3)C3=C2C=CC=C3)C=C1
2008249834_82_chem,real/JPO/2008249834_82_chem.png,C1=CC=C(/C=C/C=C/C2=CC=C(N(C3=CC=CC=C3)C3=CC=C(C4=CC=C(N(C5=CC=CC=C5)C5=CC=C(/C=C/C=C/C6=CC=CC=C6)C=C5)C=C4)C=C3)C=C2)C=C1
2008239616_446_chem,real/JPO/2008239616_446_chem.png,N#CCC1=CC=C(CN2CCCN(C3=NC4=CC=C(Cl)C=C4S3)CC2)S1
2008285789_3_chem,real/JPO/2008285789_3_chem.png,CC1=CC=C(OC2=CC=CC(C)=C2)C=C1
2008222580_134_chem,real/JPO/2008222580_134_chem.png,COC(=O)C(C)C(=O)C1=CC=CC(OC)=C1
2008214599_10_chem,real/JPO/2008214599_10_chem.png,COC1=CC=C(/C=N\C2=CC=C(OC)C=C2)C=C1
2008242081_17_chem,real/JPO/2008242081_17_chem.png,CCOP(=O)(OCC)C(=S)SC1=C(O)C=CC=C1
2008189554_37_chem,real/JPO/2008189554_37_chem.png,N=C(N)NCCCCNC(=O)/C=C/C1=CC2=C(C=C1)OC(C1=CC=C(O)C=C1)C2C(=O)NCCCCNC(=N)N
2008279331_3_chem,real/JPO/2008279331_3_chem.png,CN1SC=CC1=O
2008013527_79_chem,real/JPO/2008013527_79_chem.png,CC(=O)N1CCOC(C2=CC=C(NC3=N/C4=C(SC=C4)/C(NC4CC4)=N\3)C=C2)C1
2008024698_10_chem,real/JPO/2008024698_10_chem.png,C1=CC=C(C2=CC3=C(C=C2)N(C2=CC(N4N=C(C5=CC=CC=C5)C=C4C4=CC=CC=C4)=CC=C2)C2=C3C=C(C3=CC=CC=C3)C=C2)C=C1
2008266294_218_chem,real/JPO/2008266294_218_chem.png,FC(F)(F)OC1=CC=C(NC2=NN=C(C3=C(SCC4=CC=NC5=C4C=CC=C5)C=CS3)O2)C=C1
2008225485_44_chem,real/JPO/2008225485_44_chem.png,O=C1C2=C(C=CC=C2)C(=O)C2=C1/C=C/C1=C\2NC2=CC=C3C4=C(C=CC=C4)C(=O)C4=C3/C2=C1\C=C\4
2008050342_19_chem,real/JPO/2008050342_19_chem.png,NCC1CC2C=CC1C2
2008247887_263_chem,real/JPO/2008247887_263_chem.png,CCN(C)C1=CC2=C(C=C1)/C=C\C=C/2
2008184403_8_chem,real/JPO/2008184403_8_chem.png,O=C(NC1=CC=C(Cl)C(Cl)=C1)N/C1=C2\CCC\C2=N\C2=C1CCCC2
2008001855_22_chem,real/JPO/2008001855_22_chem.png,CCOP(=O)(CC1=C2C=CC=CC2=CC=C1)OCC
2008214335_5_chem,real/JPO/2008214335_5_chem.png,COC1=C(CC2=C(C)C=C(O)C=C2O)C(C)=CC(O)=C1
2008169374_22_chem,real/JPO/2008169374_22_chem.png,NC1=C(S(=O)(=O)O)C=C(/N=N\C2=CC=C(S(=O)(=O)O)C=C2)C=C1
2008222648_93_chem,real/JPO/2008222648_93_chem.png,COC1=CC=C(C2=NNC(=O)CC2C)C=C1
2008088177_7_chem,real/JPO/2008088177_7_chem.png,O=C1C=CC(=O)N1CC1=CC=C(C2(C(F)(F)F)N=N2)C=C1
2008222607_5_chem,real/JPO/2008222607_5_chem.png,CCCC1=CC=C(CCC)/C2=C/C3=C(C4=CC=CC=C4)C4=CC5=C(CCC)C=CC(CCC)=C5C=C4C(C4=CC=CC=C4)=C3/C=C\12
2008116961_18_chem,real/JPO/2008116961_18_chem.png,COCN(COC)C1=NC(N(COC)COC)=NC(N(COC)COC)=N1
2008206514_28_chem,real/JPO/2008206514_28_chem.png,CCCCC1=CC=C(C(=O)C2=NC=CC3=CC=CC=C32)C=C1
2008058707_41_chem,real/JPO/2008058707_41_chem.png,COCN(COC)C1=NC(N(COC)COC)=NC(N(COC)COC)=N1
2008074751_10_chem,real/JPO/2008074751_10_chem.png,N#CC1=CC=CC(C2=CC(N3CCN(C4=CC=NC=C4)CC3)=NC=N2)=C1
2008152203_25_chem,real/JPO/2008152203_25_chem.png,OCN(CO)C1=NC(NC23CC4CC(CC(C4)C2)C3)=NC(N(CO)CO)=N1
2008106016_106_chem,real/JPO/2008106016_106_chem.png,CC1=CC=C(C)C=C1
2008013527_194_chem,real/JPO/2008013527_194_chem.png,C1=CC2=C(S1)/C(NC1CC1)=N\C(NC1=CC=C(C3CCNCC3)C=C1)=N/2
2008189925_39_chem,real/JPO/2008189925_39_chem.png,CCC1=CC(C(O)(C2=CC(CC)=C(N)C(CC)=C2)C2=C(Cl)C=CC=C2Cl)=CC(CC)=C1N
2008088176_40_chem,real/JPO/2008088176_40_chem.png,CC1CCCCC1
2008174758_51_chem,real/JPO/2008174758_51_chem.png,CCC1CO1
2008255024_106_chem,real/JPO/2008255024_106_chem.png,COC(=O)C(C)(C)CC(=O)C1=CC=C(C2=NC=C(N)C=C2)C=C1
2008260691_49_chem,real/JPO/2008260691_49_chem.png,CC(=O)NCC1=CC=C(C2=NOC(C3=CC(Cl)=CC(Cl)=C3)(C(F)(F)F)C2)C=C1
2008115166_103_chem,real/JPO/2008115166_103_chem.png,CONC(=O)C1=NC=C(C(C2=CC(F)=CC=C2F)S(=O)(=O)C2=CC=C(F)C=C2)C(C)=C1
2008019241_114_chem,real/JPO/2008019241_114_chem.png,CN1C=CN=C1CO/N=C(/C(=O)NC1=NC=C(F)S1)C1=CC=C(S(=O)(=O)C2CC2)C=C1
2008019277_21_chem,real/JPO/2008019277_21_chem.png,COC(=O)C1=C(NC2=CC=C(OC(F)(F)F)C=C2C)/C(F)=C2/N=CN/C2=C\1
2008106016_89_chem,real/JPO/2008106016_89_chem.png,C=CCOC(=O)C1CC=CCC1C(=O)OCC=C
2008056902_6_chem,real/JPO/2008056902_6_chem.png,CC(C)(C1=CC(Br)=C(O)C(Br)=C1)C1=CC(Br)=C(O)C(Br)=C1
2008247907_202_chem,real/JPO/2008247907_202_chem.png,OCCCN1C=CC2=C1/C(NC1=CC=C(OC3=CC=CC(C(F)(F)F)=C3)C(Cl)=C1)=N\C=N/2
2008088167_469_chem,real/JPO/2008088167_469_chem.png,C=CC(=O)OCCOC(=O)C1=CC=C(C(=O)OCCOC(=O)C(=C)C)C=C1C(=O)OCC(O)COC1=CC=C(C(C)(C)C2=CC=C(OCC3CO3)C=C2)C=C1
2008163184_36_chem,real/JPO/2008163184_36_chem.png,CCC1=C2/C=C3\N=C(/C=C4\N/C(=C\C5=N/C(=N\C(=C1C)N2)C(CC)=C5C)C(CC)=C4C)C(CC)=C3C
2008291018_1396_chem,real/JPO/2008291018_1396_chem.png,CCOC(=O)CC1OC(C2C=CC=C(OC)C2Cl)C2=CC(C)=CC=C2NC1=S
2008106016_33_chem,real/JPO/2008106016_33_chem.png,CC1CCC(C)CC1
2008101010_34_chem,real/JPO/2008101010_34_chem.png,CC1=C(C(=O)O)C=C2OC(=O)C=C(C3=CC=C(F)C=C3)C2=C1
2008230977_28_chem,real/JPO/2008230977_28_chem.png,COC1=C(OC)C=C2C(=C1)CN(C)C1=C3/C=C4/OCO/C4=C/C3=CC=C21
2008073993_3_chem,real/JPO/2008073993_3_chem.png,CCC(O)CC(O)CC(C)O
2008201917_19_chem,real/JPO/2008201917_19_chem.png,CC(=O)P(C)(=O)C(C)=O
2008175813_5_chem,real/JPO/2008175813_5_chem.png,O.O=C(CCCCC1CCSS1)NC1=CC=CC(NCC(O)C(O)C(CCO)OC2OC(CO)C(O)C(O)C2O)=C1
2008222714_2_chem,real/JPO/2008222714_2_chem.png,N=C(N)NC(=O)C1=C(C2CC2)N(/C2=C/C=N\C3=C2C=CC=C3)N=C1
2008189621_29_chem,real/JPO/2008189621_29_chem.png,C=CCOC(=O)C1(C)CCC2(C)OC2C1
2008116677_14_chem,real/JPO/2008116677_14_chem.png,CC1=CC(C(C2=CC(C(C3=C(C)C(C)=C(O)C(C)=C3)C3=C(C)C(C)=C(O)C(C)=C3)=CC(C(C3=C(C)C(C)=C(O)C(C)=C3)C3=C(C)C(C)=C(O)C(C)=C3)=C2)C2=C(C)C(C)=C(O)C(C)=C2)=C(C)C(C)=C1O
2008231255_9_chem,real/JPO/2008231255_9_chem.png,CCC(C)C(C)CC
2008230984_6_chem,real/JPO/2008230984_6_chem.png,CCC(C)C1=CC(C2(C3=CC(C(C)CC)=C(O)C=C3)CCC(C(C)(C)C3CCC(C4=CC=C(O)C(C(C)CC)=C4)(C4=CC(C(C)CC)=C(O)C=C4)CC3)CC2)=CC=C1O
2008189659_419_chem,real/JPO/2008189659_419_chem.png,CN(C)CCSC1=CN=C(N)S1
2008304699_5_chem,real/JPO/2008304699_5_chem.png,C=CC(=O)OCCCC1=CC=C(N(C2=CC=C(CCCOC(=O)C=C)C=C2)C2=CC=C(C)C(C)=C2)C=C1
2008266359_30_chem,real/JPO/2008266359_30_chem.png,O=P1(C2=CC(O)=CC=C2O)OC2=CC=CC=C2C2=CC=CC=C21
2008074877_79_chem,real/JPO/2008074877_79_chem.png,FC(F)(F)C1=C(C2=CCNCC2)C=CC=C1
2008160065_12_chem,real/JPO/2008160065_12_chem.png,CC1=CC=C(S(C)(=O)=O)C=C1
2008001635_153_chem,real/JPO/2008001635_153_chem.png,CCC(OCCCO)C1=CC=C(Br)C=C1
2008094847_337_chem,real/JPO/2008094847_337_chem.png,NC1=CC=C(C2=CC=CS2)C=C1NC(=O)C1=CC=C(F)C=C1
2008138011_337_chem,real/JPO/2008138011_337_chem.png,COC(=O)C(=O)NC1=CC=C(Br)C=N1
2008163045_138_chem,real/JPO/2008163045_138_chem.png,CCONC(=N)N
2008246832_44_chem,real/JPO/2008246832_44_chem.png,CSC1=CC=C(C(=O)C(C)(C)N2CCOCC2)C=C1
2008238710_3_chem,real/JPO/2008238710_3_chem.png,CC1=CC(C)=C(C(=O)P(=O)(C2=CC=CC=C2)C2=CC=CC=C2)C(C)=C1
2008088172_19_chem,real/JPO/2008088172_19_chem.png,CCCC1=NC(C(C)(C)O)=C(C(=O)O)N1CC1=CC=C(C2=CC=CC=C2C2=NN(P)N=N2)C=C1
2008007718_10_chem,real/JPO/2008007718_10_chem.png,O=P(C1=CC=CC=C1)(C1=CC=CC=C1)C1=CC=CC=C1
2008074874_70_chem,real/JPO/2008074874_70_chem.png,CCCN1CCOC(C2=C3/C=C\NC3=CC=C2)C1
2008189778_9_chem,real/JPO/2008189778_9_chem.png,CCC(C)(C)COC(=O)C1=CC=C(C(=O)OC)C=C1
2008016073_7_chem,real/JPO/2008016073_7_chem.png,C=CC(=C)OCC(C)(C)COC(=O)C=C
2008255018_22_chem,real/JPO/2008255018_22_chem.png,CC(C)C1(C2(C(=O)NC3=C\N=C4\SC=C\C4=C\3)CCCCC2)OCCO1
2008226990_5_chem,real/JPO/2008226990_5_chem.png,CC1CCC2OC2C1
2008135384_37_chem,real/JPO/2008135384_37_chem.png,O=C1CC2C(C(=O)O1)C1C(=O)OC(=O)C21
2008176218_24_chem,real/JPO/2008176218_24_chem.png,CCN(C(=S)SC(C)(C)C#N)N(C)C(=O)CF
2008106016_131_chem,real/JPO/2008106016_131_chem.png,CCCCCC
2008143905_328_chem,real/JPO/2008143905_328_chem.png,COC(=O)C(=O)NC1=CC=C(Cl)C(C)=C1
2008138011_86_chem,real/JPO/2008138011_86_chem.png,CN1CCC2=C(C1)SC=N2
2008063341_35_chem,real/JPO/2008063341_35_chem.png,CP(=O)(O)O
2008266294_44_chem,real/JPO/2008266294_44_chem.png,CC(=O)NC1=CC(COC2=C(C(=O)O)SC=C2)=CC=N1
2008001854_24_chem,real/JPO/2008001854_24_chem.png,CCOP(=O)(CC1=C2C=CC=CC2=CC2=C1C=CC=C2)OCC
2008129452_8_chem,real/JPO/2008129452_8_chem.png,CC1=CC(C2=CC=CC=C2)=C2/C=C\C3=C(N=C(C)C=C3C3=CC=CC=C3)C2=N1
2008224970_83_chem,real/JPO/2008224970_83_chem.png,CCC1(COS(C)(=O)=O)COC1
2008146044_10_chem,real/JPO/2008146044_10_chem.png,CC(=O)O/N=C/C1=CC2=C(C=C1)SC1=CC=CC=C1C2=O
2008239616_810_chem,real/JPO/2008239616_810_chem.png,COC1=C(SCCC2CCN(/C3=N/C4=C(C=C(Cl)C=C4)S3)CC2)C=CC(C(C)CC(=O)O)=C1
2008266172_6_chem,real/JPO/2008266172_6_chem.png,CCC(OC)OC
2008294184_12_chem,real/JPO/2008294184_12_chem.png,C1=CC=C(N(C2=CC=CC=C2)/C2=C3\C=CC=C\C3=C(/N(C3=CC=CC=C3)C3=CC=CC=C3)C3=CC=CC=C32)C=C1
2008156347_5_chem,real/JPO/2008156347_5_chem.png,CN1C(=O)C2=C(C=CC=C2)C1=O
2008134392_9_chem,real/JPO/2008134392_9_chem.png,O=C(OCC1=CC=CC=C1)/C1=C(\C2=CC=CC=C2)C(=O)C2=C(C=CC=C2)C1=O
2008088167_303_chem,real/JPO/2008088167_303_chem.png,C=CC(=O)OCC(COCCCCOC(=O)C(=C)C)OC(=O)C1=CC=CC=C1C(=O)OCC(O)COC1=CC=C(C(C)(C)C2=CC=C(OCC3CO3)C=C2)C=C1
2008129178_12_chem,real/JPO/2008129178_12_chem.png,CC1=CC(C2(C3=CC(C)=C(O)C=C3)CCC(C(C)(C)C3CCC(C4=CC=C(O)C(C)=C4)(C4=CC(C)=C(O)C=C4)CC3)CC2)=CC=C1O
2008152170_10_chem,real/JPO/2008152170_10_chem.png,CC1CC2OC2CC1COC(=O)C1CC2OC2CC1C
2008107683_7_chem,real/JPO/2008107683_7_chem.png,CCN1C2=C(C=C(C(=O)C3=CC=CC=C3C)C=C2)C2=C1C=CC(C(=O)C(=NOC(C)=O)C(=O)C1=C3C=CC=CC3=CC=C1)=C2
2008266327_30_chem,real/JPO/2008266327_30_chem.png,NC(=O)C(CC1CCCCC1)NC(=O)NC1=CC(NC(=O)CCCC2=CC=CC=C2)=C(N2CCCN(C(=O)C3CCNCC3)CC2)C=C1
2008266294_215_chem,real/JPO/2008266294_215_chem.png,ClC1=CC=C(NC2=NN=C(C3=C(SCC4=CC=NC=C4)C=CS3)S2)C=C1
2008266360_8_chem,real/JPO/2008266360_8_chem.png,O=[PH](O)C1=CC=CC=C1
2008163194_8_chem,real/JPO/2008163194_8_chem.png,CC(C)(C1=CC=C(O)C=C1)C1=CC=C(O)C=C1
2008231088_95_chem,real/JPO/2008231088_95_chem.png,O=C(/C=C/C1=CSC(/C=C2\OC3=C/C=C/C=C\3NC2=O)=C1)NCC1=CN=C(Cl)C=C1
2008031068_45_chem,real/JPO/2008031068_45_chem.png,C1=CC=C(C2=CC(C3=CC=CC(C4=CC(C5=CC=CC=C5)=NC(C5=CC=CC=C5)=C4)=C3)=CC(C3=CC=CC=C3)=N2)C=C1
2008133421_99_chem,real/JPO/2008133421_99_chem.png,COC1=CC(/N=N/C2=CC=C(C(=O)NC3=C(OC)C=C(/N=N/C4=CC=C(S(=O)(=O)O)C=C4)C=C3)C=C2)=CC=C1O
2008087309_5_chem,real/JPO/2008087309_5_chem.png,CCC1(C)OCC(CSC2=C(O)C(C3C(=O)C4=CC=CC=C4C3=O)=NC3=CC=CC=C32)O1
2008077101_56_chem,real/JPO/2008077101_56_chem.png,COC1=CC=C(/C(C#N)=N/OS(=O)(=O)C2=CC=C(C)C=C2)C=C1
2008089871_86_chem,real/JPO/2008089871_86_chem.png,CCCCCCCCS(=O)(=O)NS(=O)(=O)C1=CC=C(N)C=C1
2008291018_491_chem,real/JPO/2008291018_491_chem.png,CCOC(=O)CC1CCN(C(=O)CC2OC(/C3=C/C=C\C4=C3CCC=C4)C3=CC(Cl)=CC=C3N3C=CC=C23)CC1
2008112976_11_chem,real/JPO/2008112976_11_chem.png,C1=CC=C2C=C(/C3=C4\C=CC=C\C4=C(C4=C\C=C5\C=CC=C/C5=C/4)\C4=CC=CC=C43)C=CC2=C1
2008158469_93_chem,real/JPO/2008158469_93_chem.png,CC1=CC=C(N(C2=CC=C(C)C=C2)C2=CC=C(C3=CC=C(N(C4=CC=C(O)C=C4)C4=CC=C(O)C=C4)C=C3)C=C2)C=C1
2008239616_627_chem,real/JPO/2008239616_627_chem.png,O=C(O)CC1=CC=CC(SCC2CCN(C3=NC4=CC=C(Cl)C=C4S3)CC2)=C1
2008250228_19_chem,real/JPO/2008250228_19_chem.png,O=S1(=O)CCCN1CCO
2008214303_12_chem,real/JPO/2008214303_12_chem.png,CC1=C2/C=C3\C=C(C(=O)C4=CC=C(/C=C\C(=C1)O2)O4)/C1=C/C2=CC=C(/C=C\C4=CC(C)=C(O4)C(=O)/C3=C/1)O2
2008233745_13_chem,real/JPO/2008233745_13_chem.png,CCC1=C(N(C2=CC=C(/C=C/C3=CC=C(C)C=C3)C=C2)C2=CC=C(/C=C/C3=CC=C(C)C=C3)C=C2)C(C)=CC=C1
2008115166_155_chem,real/JPO/2008115166_155_chem.png,CC1=C(C(C2=C(F)C=CC(F)=C2F)S(=O)(=O)C2=CC=C(OC(F)(F)F)C=C2)C=NC(C(=O)NCO)=C1
2008250314_42_chem,real/JPO/2008250314_42_chem.png,CCOC(=O)CC(O)(CC(=O)OCC)C(=O)O
2008189924_7_chem,real/JPO/2008189924_7_chem.png,C#CC1=CC=CC(CC)=C1N
